codigo;categoria;subcategoria;sub;nombre;stock
AV02HCXR322;Audio y Video;RADIOGRABADOR;RADIOGRABADOR;RADIOGRABADOR HITPLUS CXJ194;1
AV02RRG-RA20N;Audio y Video;RADIOGRABADOR;;REPRODUCTOR DE CD RANSER 200W;1
AV03PDMPBD83PRK;Audio y Video;DVD;DVD;BLUE RAY PANASONIC;1
AV03PDVDS700PRK;Audio y Video;DVD;;DVD PANASONIC S700PRK;1
AV03PDVP500;Audio y Video;DVD;;DVD PHILCO DVP500 HDMI;1
AV03PSC-XH105PU;Audio y Video;DVD;;HOME THEATRE PANASONIC SCXH105;1
AV04KEQUI50B;Audio y Video;PARLANTES;PARLANTES;PARLANTE KIOTO EQUIS-50BT;1
AV04KSQ-8008;Audio y Video;PARLANTES;PARLANTES;PARLANTE KIOTO SQ-8008;1
AV04KSQ-8012;Audio y Video;PARLANTES;PARLANTES;PARLANTE KIOTO SQ-8012;1
AV04KTW150NV;Audio y Video;PARLANTES;PARLANTES;PARLANTE KIOTO TW150NV;1
AV04KTW100;Audio y Video;PARLANTES;PARLANTES;PARLANTE KIOTO TW100;1
AV04KTW200;Audio y Video;PARLANTES;PARLANTES;PARLANTE KIOTO TW200;1
AV04KTW300BL;Audio y Video;PARLANTES;PARLANTES;PARLANTE KIOTO TW300BL;1
AV04KTW400BL;Audio y Video;PARLANTES;PARLANTES;PARLANTE KIOTO TW400BL;1
AV04KTW500BL;Audio y Video;PARLANTES;PARLANTES;PARLANTE KIOTO TW500BL;1
AV04KTW2803;Audio y Video;PARLANTES;PARLANTES;PARLANTE KIOTO TW2803;1
AV04KMOD3300;Audio y Video;PARLANTES;PARLANTES;PARLANTE KIOTO MOD 3300;1
AV04KMOD7700;Audio y Video;PARLANTES;PARLANTES;PARLANTE KIOTO MOD 7700;1
AV04KMOD7000;Audio y Video;PARLANTES;PARLANTES;PARLANTE KIOTO MOD 7000;1
AV04KK2012;Audio y Video;PARLANTES;PARLANTES;PARLANTE KIOTO K2012;1
AV04KMODH-10BL;Audio y Video;PARLANTES;PARLANTES;PARLANTE KIOTO H10BL;1
AV04KSA-12L;Audio y Video;PARLANTES;PARLANTES;PARLANTE KIOTO SA-12L;1
AV04KSA-15L;Audio y Video;PARLANTES;PARLANTES;PARLANTE KIOTO SA-15L;1
AV04KSA-06L;Audio y Video;PARLANTES;PARLANTES;PARLANTE KIOTO SA-06L;1
AV04KSA-08L;Audio y Video;PARLANTES;PARLANTES;PARLANTE KIOTO SA-08L;1
AV04BM9136;Audio y Video;PARLANTES;PARLANTES;BAFLE PORTATIL BOMBER BASS 55W;1
AV04BM8447;Audio y Video;BOMBER 600W;BOMBER 600W;"BAFLE BOMBER PAPAO 600 W 15""";1
AV04BM9206;Audio y Video;BOMBER 600W;;"BAFLE BOMBER PAPAO 610 W 15""";1
AV04BM8549;Audio y Video;BOMBER 500W;BOMBER 500W;"BAFLE BOMBER PAPAO 500 W 12""";1
AV04BM9205;Audio y Video;BOMBER 500W;;"BAFLE BOMBER PAPAO 510 W 12""";1
AV04BP800;Audio y Video;PARLANTES;PARLANTES;PARLANTE BOMBER PARTY 800;1
AV04BM9207;Audio y Video;PARLANTES;PARLANTES;"BAFLE BOMBER BEATBOX 1800 2x10"" 180w";1
AV04BMOOVE15BT;Audio y Video;PARLANTES;PARLANTES;"PARLANTE CROWN 15"" MUSTANG";1
AV04RRSPARTY8;Audio y Video;PARLANTES;PARLANTES;"PARLANTE RCA RSPARTY 8""";1
AV04RRSPARTY12;Audio y Video;PARLANTES;PARLANTES;"PARLANTE RCA RSPARTY 12""";1
AV04RRSSUPERJOY;Audio y Video;PARLANTES;PARLANTES;PARLANTE RCA RSSUPERJOY;1
AV04PNX50;Audio y Video;PARLANTES;PARLANTES;PARLANTE PHILIPS NX50;1
AV04PTAX3305;Audio y Video;PARLANTES;PARLANTES;"PARLANTE PHILIPS TAX3305 12""";1
AV04PTAX3705;Audio y Video;PARLANTES;PARLANTES;"PARLANTE PHILIPS TAX3705 2 x 12""";1
AV04EJAZZ12;Audio y Video;PARLANTES;PARLANTES;PARLANTE EUROSOUND;1
AV04XP15150KIT;Audio y Video;PARLANTES;PARLANTES;"PARLANTE XP 15"" CON KIT";1
AV04SDJ6004NE;Audio y Video;PARLANTES;PARLANTES;"PARLANTE STROMBER 12"" 120W DJ6004";1
AV04SKNOCK;Audio y Video;PARLANTES;PARLANTES;PARLANTE STROMBER KNOCK 100W;1
AV06A8092-2AOFAR1-1;Audio y Video;TABLET;TABLET;"TABLET ALCATEL 1T 10"" SMART";1
AV06A9317G2BOFAR1;Audio y Video;TABLET;TABLET;TABLET ALCATEL TKEE MINI;1
AV07TL32S65A-F;Audio y Video;"TV LED 32""";"TV 32"" ";"TV LED TCL 32"" SMART ANDROID";1
AV07TAND50FXUHD;Audio y Video;"TV LED 50""";"TV 50""";"TV LED RCA 50"" SMART ANDROID";1
AV07RAND55FXUHD-F;Audio y Video;"TV LED 55""";"TV 55""";"TV LED RCA 55"" SMART ANDROID";1
AV08NNXR919BT;Audio y Video;STEREOS;STEREOS;STEREO NOBLEX NXR919BT;1
AV08PCSP8525BT;Audio y Video;STEREOS;;STEREO PHILCO CSP5825BT;1
AV09PMVH-85UB;Audio y Video;STEREOS;;STEREO PIONEER MVH-85UB;1
AV09PMVH-S215BT;Audio y Video;STEREOS;;STEREO PIONEER MVH-S215BT;1
AV08SDSX-A100U;Audio y Video;STEREOS;;STEREO SONY DSX-A100U;1
AV08SCDXGT320MP;Audio y Video;STEREOS;;STEREO SONY CDX-GT320MP;1
AV08SCXS5016F;Audio y Video;STEREOS;;COMBO SONY CXS-5016 F;1
AV08PDXT-X186UB;Audio y Video;STEREOS;;COMBO CAR AUDIO PIONEER 2 PARL;1
AV09PTS300D4DB;Audio y Video;STEREOS;PARLANTES DE AUTO;"SUBW PIONEER DOBLE BOBINA 12""";1
AV09PTSF1634R6;Audio y Video;STEREOS;;PARLANTES PIONEER 2V 30W 160W;1
AV09PTSW311D4;Audio y Video;STEREOS;;"SUBWOOFER PIONEER 1400W 12""";1
AV09SXS-FB1630;Audio y Video;STEREOS;;PARLANTES SONY XS-FB1630 270W;1
AV09SXS-FB6930;Audio y Video;STEREOS;;PARLANTES SONY XS-FB6930 450W;1
AV11M12443;Audio y Video;SOPORTE TV;SOPORTE TV;SOPORTE TV MULTISTAR C/BRAZO;1
AV11P12447;Audio y Video;SOPORTE TV;;SOPORTE TV PLB FIJO;1
BE01APL8860N;Belleza y Salud;PLANCHITAS;PLANCHITAS;PLANCHITA DE PELO ATMA;1
BE01UAP4403;Belleza y Salud;PLANCHITAS;;PLANCHITA DE PELO ULTRACOMB 4403;1
BE01UAP4402;Belleza y Salud;PLANCHITAS;;PLANCHITA DE PELO ULTRACOMB 4402;1
BE02ASP8934N;Belleza y Salud;SECADOR DE PELO;SECADOR DE PELO;SECADOR DE PELO ATMA SP8934N;1
BE02GELITE;Belleza y Salud;SECADOR DE PELO;;SECADOR GAMA ELITE;1
BE02GELITEPLUSI;Belleza y Salud;SECADOR DE PELO;;SECADOR GAMA ELITE PLUS ION;1
BE02GHC706;Belleza y Salud;SECADOR DE PELO;;SECADOR GAMA MODELADOR HC706;1
BE02HP6935;Belleza y Salud;SECADOR DE PELO;;SECADOR PHILIPS HP6935;1
BE02KHHD2610;Belleza y Salud;SECADOR DE PELO;;SECADOR KNEISSEL HHD26-10;1
BE02WW94;Belleza y Salud;SECADOR DE PELO;;SECADOR WINCO W-94;1
BE03B3040;Belleza y Salud;AFEITADORAS;AFEITADORAS;AFEITADORA BRAUN 3040;1
BE03P6990;Belleza y Salud;AFEITADORAS;;AFEITADORA PHILIPS 6990;1
BE03WW812;Belleza y Salud;AFEITADORAS;;AFEITADORA WINCO W-812;1
BE04BSE7531N;Belleza y Salud;DEPILADORAS;DEPILADORAS;DEPILADORA BRAUN SERIE 7;1
BE05ENU3100;Belleza y Salud;NEBULIZADORES;NEBULIZADORES;NEBULIZADOR EIFFEL ULTRASONICO;1
BE06UBK4900;Belleza y Salud;CORTADORA DE PELO;CORTADORA DE PELO;CORTADORA DE PELO INALAMBRICA ULTRACOMB;1
BE08GHCG2110M;Belleza y Salud;BALANZA;BALANZA;BALANZA GAMA DIG VIDRIO HCG-21;1
CO01GALSIL70X40;Colchoneria;ALMOHADA ;ALMOHADA ;ALMOHADA GANI SILVER PILLOW 70X40;1
CO01SVELLON70CM;Colchoneria;ALMOHADA ;;ALMOHADA SUENO DORADO VELLON;1
CO02GAFJ80X22;Colchoneria;COLCHON;COLCHON;COLCHON GANI L E AIRFLEX JACK 0,80x0,22m;1
CO02GAFJ90X22;Colchoneria;COLCHON;COLCHON;COLCHON GANI L E AIRFLEX JACK 0,90x0,22m;1
CO02GAFJ100X22;Colchoneria;COLCHON;COLCHON;COLCHON GANI L E AIRFLEX JACK 1,00x0,22m;1
CO02GAFJ1.30X22;Colchoneria;COLCHON;COLCHON;COLCHON GANI L E AIRFLEX JACK 1,3mx0,22m;1
CO02GAFJ1.40X22;Colchoneria;COLCHON;COLCHON;COLCHON GANI L E AIRFLEX JACK 1,4mx0,22m;1
CO02GDF1.40X22;Colchoneria;COLCHON;COLCHON;COLCHON GANI LIN ESP DUO FLEX 1,40x0x22m ;1
CO02GEXSO80 20;Colchoneria;COLCHON;COLCHON;COLCHON GANI LIN ESP EXT SOFT 0,80x0,20m;1
CO02GEXSO13020;Colchoneria;COLCHON;COLCHON;COLCHON GANI LIN ESP EXT SOFT 1.30 X 20;1
CO02GGF1403.0SINPILL;Colchoneria;COLCHON;COLCHON;COLCHON GANI LIN ESP GOLDEN FLEX 3,0 SIN PILLOW 1,40m;1
CO02GGF1403.0;Colchoneria;COLCHON;COLCHON;COLCHON GANI LIN ESP GOLDEN FLEX 3.0 1.40m;1
CO02GGS803.0;Colchoneria;COLCHON;COLCHON;COLCHON GANI LIN RES GOLD SPRING 3.0 80m;1
CO02GGS1003.0;Colchoneria;COLCHON;COLCHON;COLCHON GANI LIN RES GOLD SPRING 3.0 1,00m;1
CO02SRELAX22;Colchoneria;COLCHON;COLCHON;COLCHON SUENO DORADO RELAX 0,80x0,22m;1
CO02SHARTMANN190;Colchoneria;COLCHON;COLCHON;COLCHON SUENO DORADO HARTMANN 1,90mts;1
CO02GGSLR1403.0;Colchoneria;COLCHON;COLCHON;COLCHON GANI LIN RES GOLD SPRING 3.0 1,40m;1
CO02GGS2mx2m;Colchoneria;CONJUNTO SOMMIER;CONJUNTO SOMMIER;CONJUNTO GANI GOLD SPRING 3.0 2mtsX2mts;1
CO03GGOSP80;Colchoneria;BASE SOMMIERS;BASE SOMMIERS;BASE SOMMIER GANI UNICO G 1 0,80m;1
CO03GGOSP100;Colchoneria;BASE SOMMIERS;BASE SOMMIERS;BASE SOMMIER GANI UNICO G 1 1,00m;1
CO03GSUG11.4;Colchoneria;BASE SOMMIERS;BASE SOMMIERS;BASE SOMMIER GANI UNICO G 1 1.40m;1
CO03TSOMM1.404CAJ;Colchoneria;BASE SOMMIERS;BASE SOMMIERS;BASE SOMMIER TABLES 4 CAJONES 6446;1
CO03GCSF1.4;Colchoneria;CONJUNTO SOMMIER;CONJUNTO SOMMIER;CONJUNTO SOMMIER GANI SILVER FLEX 1,40mts;1
CO03GCJGS80;Colchoneria;CONJUNTO SOMMIER;CONJUNTO SOMMIER;CONJUNTO SOMMIER GANI GOLD SPRING 0,80mts;1
CO03GCJGS1,00;Colchoneria;CONJUNTO SOMMIER;CONJUNTO SOMMIER;CONJUNTO SOMMIER GANI GOLD SPRING 1mts;1
CO03GCJGS1,40;Colchoneria;CONJUNTO SOMMIER;CONJUNTO SOMMIER;CONJUNTO SOMMIER GANI GOLD SPRING 1,40mts;1
CO03GCJGF1,40;Colchoneria;CONJUNTO SOMMIER;CONJUNTO SOMMIER;CONJUNTO SOMMIER GANI GOLDEN FLEX 1,40mts;1
CO03GCDF1,40;Colchoneria;CONJUNTO SOMMIER;CONJUNTO SOMMIER;CONUNTO SOMMIER GANI DUOFLEX 1.40mts;1
CO03SBAULERA140;Colchoneria;BAULERA;BAULERA;BAULERA SUENO DORADO SPACE 140;1
CO03SMARINERA90;Colchoneria;CONJUNTO SOMMIER;CONJUNTO SOMMIER;SOMMIER SUENO DORADO MARINERA 90x190;1
CO03SSHART140;Colchoneria;CONJUNTO SOMMIER;CONJUNTO SOMMIER;SOMMIER SUENO DORADO HARTMANN 1,40mts;1
CP01AA6240GB-4GB;Computacion;PC Y NOTEBOOK;PC Y NOTEBOOK;PC DE ESCRITORIO AMD A6 4GB RAM - 240GB INT;1
CP01APVLINE18,5;Computacion;PC Y NOTEBOOK;PC Y NOTEBOOK;"MONITOR PHILIPS 18,5""";1
CP01PAMDPHILIPS;Computacion;PC Y NOTEBOOK;PC Y NOTEBOOK;PC AMD 256GB + MONITOR PHILIPS;1
CP01BAT500;Computacion;PC Y NOTEBOOK;PC Y NOTEBOOK;NOTEBOOK BGH AT500 4GB/64GB;1
CP07VSLID16GB;Computacion;PENDRIVERS;PENDRIVERS;PENDRIVER VERBATIM SLIDER 16GB;1
CP07VSLID32GB;Computacion;PENDRIVERS;;PENDRIVER VERBATIM SLIDER 32GB;1
CP07VSLID64GB;Computacion;PENDRIVERS;;PENDRIVER VERBATIM SLIDER 64GB;1
CP08A6027A;Computacion;CELULAR;CELULARES;CELULAR ALCATEL 3H PLUS SPACE GRAY;1
CP08A6065A1;Computacion;CELULAR;CELULARES;CELULAR ALCATEL 5H PLUS;1
CP08MXT2227;Computacion;CELULAR;CELULARES;CELULAR MOTOROLA E32;1
CP08MXT2159-1;Computacion;CELULAR;CELULARES;CELULAR MOTOROLA E40;1
CP08MXT2231;Computacion;CELULAR;CELULARES;CELULAR MOTOROLA G22;1
DE01FHER26;Deportes y Jardin;BICICLETAS;BICICLETAS;BICI FIRE BIRD MTB ROD 26 21V;1
DE01FBIN29-24D;Deportes y Jardin;BICICLETAS;BICICLETAS ROD 29;BICI FIRE BIRD MTB ROD 29 24V;1
DE01FBIN29-27;Deportes y Jardin;BICICLETAS;;BICI FIRE BIRD MTB ROD 29 27V FRENOS HIDRAULICOS;1
DE01OFLASH290DISC;Deportes y Jardin;BICICLETAS;;BICI OLMO FLASH ROD 29;1
DE01OWISH265DAMA;Deportes y Jardin;BICICLETAS;BICICLETAS;BICI OLMO WISH ROD 26 DAMA;1
DE01HBINHAL24D;Deportes y Jardin;BICICLETAS;BICICLETAS;BICI MTB HALLEY R26 24V ALUM;1
DE01BEXR2921V;Deportes y Jardin;BICICLETAS;BICICLETAS;BICICLETA BOGA ROD 29 21 VEL;1
DE01BCROSSR12;Deportes y Jardin;BICICLETAS;BICICLETAS;BICICLETA ROD12 CROSS;1
DE01BEXOR14;Deportes y Jardin;BICICLETAS;BICICLETAS;BICICLETA ROD14 EXOUSIA;1
DE01BCROSSR14;Deportes y Jardin;BICICLETAS;BICICLETAS;BICICLETA ROD14 CROSS;1
DE01BEXOR16;Deportes y Jardin;BICICLETAS;BICICLETAS;BICICLETA ROD16 EXOUSIA;1
DE01BCROSSR16;Deportes y Jardin;BICICLETAS;BICICLETAS;BICICLETA ROD16 CROSS;1
DE01BPAMR20;Deportes y Jardin;BICICLETAS;BICICLETAS;BICICLETA ROD20 PAMPITA;1
DE01BCROSSR20;Deportes y Jardin;BICICLETAS;BICICLETAS;BICICLETA ROD20 CROSS;1
DE01BBOXERR20;Deportes y Jardin;BICICLETAS;BICICLETAS;BICICLETA ROD20 BOXER;1
DE01BPAMR26;Deportes y Jardin;BICICLETAS;BICICLETAS;BICICLETA ROD26 PAMPITA;1
DE01BPLAY26;Deportes y Jardin;BICICLETAS;BICICLETAS;BICICLETA ROD26 PLAYERA;1
DE02CBEACH48QT;Deportes y Jardin;JARDIN;CONSERVADORAS;CONSERVADORA COLEMAN BEACH 48QT;1
DE02GF7712;Deportes y Jardin;JARDIN;;CONSERV GARDEN LIFE F7712 12L;1
DE02GLF7732;Deportes y Jardin;JARDIN;;CONSERV GARDEN LIFE LF7732 34L;1
DE02MREP7/8P;Deportes y Jardin;JARDIN;JARDIN;"REPOSERA PLEG CANO 7/8"" PINT";1
DE02EPLAYA;Deportes y Jardin;JARDIN;JARDIN;CARPA EASYCAMP 63118;1
DE03GSPASBLANC;Deportes y Jardin;JARDIN;JARDIN;SILLON GARDEN LIFE PASADENA BL;1
DE03GSPASBLANC;Deportes y Jardin;JARDIN;JARDIN;COMBO DE 6 SILLAS PASADENA;1
DE03GMGREDB90CM;Deportes y Jardin;JARDIN;MESAS DE JARDIN;MESA GUINEA REDONDA BLANC 90CM;1
DE03GMSRB140X78;Deportes y Jardin;JARDIN;;MESA SUMATRA RECT BL 1.4X0.78M;1
DE03PMASTER;Deportes y Jardin;BORDEADORA;BORDEADORAS;BORDEADORA MASTER 600 W;1
DE03P217;Deportes y Jardin;BORDEADORA;BORDEADORAS;BORDEADORA PLUMITA QUANTUM 800 W;1
DE03P218;Deportes y Jardin;BORDEADORA;BORDEADORAS;BORDEADORA PLUMITA MAGNUM 1000W;1
DE03PMAX1200W;Deportes y Jardin;BORDEADORA;BORDEADORAS;BORDEADORA PLUMITA MAX 1200W;1
DE03P412;Deportes y Jardin;CORTADORA DE CESPED;CORTADORA DE CESPED;CORTADORA PLUMITA 1HP 1400 W;1
DE03P4161.5HP;Deportes y Jardin;CORTADORA DE CESPED;CORTADORA DE CESPED;CORTADORA PLUMITA 1.5HP 1750 W;1
DE03PCC450HR;Deportes y Jardin;CORTADORA DE CESPED;CORTADORA DE CESPED;CORTADORA PLUMITA 4.5HP 50CM 8;1
DE04PPP043;Deportes y Jardin;PILETA;PILETA;PILETA PELOPINCHO 1043;1
DE04PPP055;Deportes y Jardin;PILETA;PILETA;PILETA PELOPINCHO 1055;1
DE04PPP076;Deportes y Jardin;PILETA;PILETA;PILETA PELOPINCHO 1076;1
DE04PPP1102;Deportes y Jardin;PILETA;PILETA;PILETA PELOPINCHO 1102;1
DE04PCB043;Deportes y Jardin;PILETA;ACCESORIOS DE  PILETA;CUBRE Y BASE PELOPINCHO 1043;1
DE04PCB055;Deportes y Jardin;PILETA;;CUBRE Y BASE PELOPINCHO 1055;1
DE04PCB076;Deportes y Jardin;PILETA;;CUBRE Y BASE PELOPINCHO 1076;1
DE04PCB0102;Deportes y Jardin;PILETA;;CUBRE Y BASE PELOPINCHO 1102;1
DE04PCR010;Deportes y Jardin;PILETA;;CONTENEDOR DE REPUESTO PELOPINCHO;1
DE04PIM001;Deportes y Jardin;BOMBA;;BOMBA FILTRANTE PELOPINCHO 3800L;1
DE05SGITE20407;Deportes y Jardin;BICICLETAS FIJAS;BICICLETAS FIJAS;BICI FIJA RESIDENCIAL;1
EH01A6506;Electrohogar;LAVARROPA;LAVARROPAS DE 6KG;LAVARROPAS AUT AURORA 6506 6KG 600RPM;1
EH01CCYT0861D12;Electrohogar;LAVARROPA;LAVARROPAS DE 6KG;LAVARROPAS AUT CANDY 6.5KG 800;1
EH01CGC08652D12;Electrohogar;LAVARROPA;LAVARROPAS DE 6KG;LAVARROPAS AUT CANDY 6.5KG 800;1
EH01CEVO10653D-12;Electrohogar;LAVARROPA;LAVARROPAS DE 6KG;LAVARROPAS AUT CANDY 6.5KG 1000;1
EH01DNEXT6.06;Electrohogar;LAVARROPA;LAVARROPAS DE 6KG;LAVARROPAS AUT DREAN NEXT 6KG 600;1
EH01DNEXT6.08;Electrohogar;LAVARROPA;LAVARROPAS DE 6KG;LAVARROPAS AUT DREAN NEXT 6KG 800;1
EH01PLPK06E10;Electrohogar;LAVARROPA;LAVARROPAS DE 6KG;LAVARROPAS AUTOM PATRICK 6KG 1000;1
EH01PLPK65E10B;Electrohogar;LAVARROPA;LAVARROPAS DE 6KG;LAVARROPAS AUTOM PATRICK 6,5KG 1000;1
EH01CEVO1272D;Electrohogar;LAVARROPA;LAVARROPAS DE 7KG;LAVARROPAS AUTOM CANDY 7KG 1200;1
EH01MLVMB07E12;Electrohogar;LAVARROPA;LAVARROPAS DE 7KG;LAVARROPAS AUT MABE 7KG 1200;1
EH01DNEXT7.10;Electrohogar;LAVARROPA;LAVARROPAS DE 7KG;LAVARROPAS AUT DREAN NEXT 7KG 1000;1
EH01CEVO1083D-12;Electrohogar;LAVARROPA;LAVARROPAS DE 8KG;LAVARROPAS CANDY 8KG EVO1083D-12;1
EH01DNEXT8.12;Electrohogar;LAVARROPA;LAVARROPAS DE 8KG;LAVARROPAS AUT DREAN NEXT 8KG 1200;1
EH01CGVS128TC3-12;Electrohogar;LAVARROPA;LAVARROPAS DE 8KG;LAVARROPAS AUTOM CANDY 8KG 1200;1
EH01PLPK08E10B;Electrohogar;LAVARROPA;LAVARROPAS DE 8KG;LAVARROPAS AUTOM PATRICK 8KG 1000;1
EH01PWMPH1308;Electrohogar;LAVARROPA;LAVARROPAS DE 8KG;LAVARROPAS AUTOM PHILCO 8KG 700;1
EH01SLSILVS090P;Electrohogar;LAVARROPA;LAVARROPA;LAVARROPAS AUTOM SIAM 9KG 700;1
EH01DNEXT10.12;Electrohogar;LAVARROPA;LAVARROPAS DE 10KG;LAVARROPAS AUT DREAN NEXT 1OKG 1200;1
EH01DF096A;Electrohogar;LAVARROPA;LAVARROPAS SEMIAUTOMATICOS;LAVARROPAS SEMIAUTOMATICO DREAN FAMILY 096A;1
EH01DF7MAX;Electrohogar;LAVARROPA;;LAVARROPAS SEMIAUTOMATICO DREAN FAMILY 7 MAX;1
EH01PLTPK79SB;Electrohogar;LAVARROPA;;LAVARROPAS SEMIAUTOMATICO PATRICK 7KG;1
EH01CLOSA;Electrohogar;LAVARROPA;LAVARROPAS  A PALETA;LAVARROPAS PALETA LOSA CUSPIDE;1
EH01CPVC;Electrohogar;LAVARROPA;;LAVARROPAS PALETA PVC CUSPIDE;1
EH02LLSAI;Electrohogar;SECARROPAS;SECARROPAS DE 5KG;SECARROPA LLANOS ACERO INOX;1
EH02LLSCHB;Electrohogar;SECARROPAS;;SECARROPA LLANOS CHAPA BLANCO;1
EH02DQV5.5;Electrohogar;SECARROPAS;;SECARROPA DREAN QV 5.5 KG;1
EH02BSBI6300GR;Electrohogar;SECARROPAS;SECARROPAS DE 6KG;SECARROPA BARBERO 6,3 KG INOX;1
EH02BSBP6300GR;Electrohogar;SECARROPAS;;SECARROPA BARBERO 6,3 KG BLANC;1
EH02DQV6.5;Electrohogar;SECARROPAS;;SECARROPA DREAN QV 6.5 KG;1
EH02CAD61;Electrohogar;SECARROPAS;;SECARROPA CODINI ADVANCE 6.1KG;1
EH02PSC-PH60B;Electrohogar;SECARROPAS;;SECARROPA PHILCO SC-PH60B;1
EH02PSC-PH70A;Electrohogar;SECARROPAS;;SECARROPA PHILCO SC-PH70A;1
EH03E3130;Electrohogar;CALEFACTOR;CALEFACTORES;CALEFACT EMEGE 3000KCAL/H GN/E;1
EH03I3000CS;Electrohogar;CALEFACTOR;;CALEFACT INPOPAR 3000KCAL/H;1
EH03I5000CS;Electrohogar;CALEFACTOR;;CALEFACT INPOPAR 5000KCAL/H;1
EH03V42512;Electrohogar;CALEFACTOR;;CALEFACT VOLCAN 2500KCAL/H;1
EH03V43512;Electrohogar;CALEFACTOR;;CALEFACT VOLCAN 4000KCAL/H;1
EH03YPV9001BN;Electrohogar;CONVECTOR;CONVECTOR;PANEL CONVECTOR YELMO 2000W;1
EH04AFH06N;Electrohogar;CALOVENTOR;CALOVENTOR;CALOVENTOR ALPACA FH 06;1
EH04CCV-13;Electrohogar;CALOVENTOR;;CALOVENTOR CRIVEL CV-13;1
EH05EEL55;Electrohogar;TERMOTANQUES;TERMOTANQUES 50L;TERMOTANQUE ESCORIAL 55 LITROS;1
EH05MTEME50;Electrohogar;TERMOTANQUES;;TERMOTANQUE MILLENIUM 50LTS ELEC;1
EH05EEL90;Electrohogar;TERMOTANQUES;TERMOTANQUES 80L;TERMOTANQUE ESCORIAL 90 LITROS;1
EH05MTEME80;Electrohogar;TERMOTANQUES;;TERMOTANQUE MILLENIUM 80 LTS ELEC;1
EH05RWH-RA100;Electrohogar;TERMOTANQUES;TERMOTANQUES 100L;TERMOTANQUE RANSER 100LTS ELEC;1
EH05MTEME120;Electrohogar;TERMOTANQUES;;TERMOTANQUE MILLENIUM 120 LTS ELEC;1
EH05O050GO;Electrohogar;TERMOTANQUES;TERMOTANQUES A GAS;TERMOTANQUE ORBIS 50LTS;1
EH05O080GO;Electrohogar;TERMOTANQUES;TERMOTANQUES A GAS;TERMOTANQUE ORBIS 80LTS;1
EH05O0130GO;Electrohogar;TERMOTANQUES;TERMOTANQUES A GAS;TERMOTANQUE ORBIS 130LTS;1
EH06O315BHON;Electrohogar;CALEFONES;CALEFONES;CALEFON ORBIS 14LTS A BOTON;1
EH06O315BBON;Electrohogar;CALEFONES;;CALEFON ORBIS 14LTS BOTONERA CON ENCENCIDO;1
EH06PERP14LTS;Electrohogar;CALEFONES;;CALEFON PERPETUA 14LTS DR14 GN/GE;1
EH03CE34H3;Electrohogar;ESTUFAS;ESTUFAS;ESTUFA HALOGENA CRIVEL H3;1
EH03CE35H3OST;Electrohogar;ESTUFAS;;ESTUFA HALOGENA CRIVEL H3 OSCILANTE C/TURBO;1
EH03CINF13;Electrohogar;ESTUFAS;;ESTUFA CRIVEL Q3 OSCILANTE;1
EH03CINF13OS;Electrohogar;ESTUFAS;;ESTUFA CRIVEL Q3 OSCILANTE CON TURBO;1
EH07EE523;Electrohogar;ESTUFAS;;ESTUFA INF EIFFEL 3V 1200W;1
EH07EE533;Electrohogar;ESTUFAS;;ESTUFA INF EIFFEL 4V 1600W;1
EH07SSTHG125;Electrohogar;ESTUFAS;;ESTUFA START TRAK STHG125;1
EH08AARGENTA4;Electrohogar;COCINAS;COCINAS;COCINA AURORA ARGENTA 4;1
EH08AARGLE4;Electrohogar;COCINAS;COCINAS;COCINA AURORA ARGENTA LE4;1
EH08AARGLEN4;Electrohogar;COCINAS;COCINAS;COCINA AURORA ARGENTA LEN4;1
EH08AARGXLE4;Electrohogar;COCINAS;COCINAS;COCINA AURORA ARGENTA XLE4;1
EH08ECANS2;Electrohogar;COCINAS;COCINAS;COCINA ESCORIAL CANDOR S2;1
EH08EMASSTYLB;Electrohogar;COCINAS;COCINAS;COCINA ESCORIAL MASTER STYLE;1
EH08F5516;Electrohogar;COCINAS;COCINAS;COCINA FLORENCIA 5516 DOBLEGAS;1
EH08F5517;Electrohogar;COCINAS;COCINAS;COCINA FLORENCIA 5517 DOBLEGAS;1
EH08F5536;Electrohogar;COCINAS;COCINAS;COCINA FLORENCIA 5536 DOBLEGAS;1
EH08F5538;Electrohogar;COCINAS;COCINAS;COCINA FLORENCIA 5538 DOBLEGAS;1
EH08L2710;Electrohogar;COCINAS;COCINAS;COCINA LEAL 2710 GAS NATURAL;1
EH08LACERINOX;Electrohogar;COCINAS;COCINAS;COCINA LEAL ACERO INOXIDABLE;1
EH08M4HCVNEWLUJ;Electrohogar;COCINAS;COCINAS;COCINA MARTIRI 4H NEW LUJO;1
EH08MNVANORN;Electrohogar;COCINAS;COCINAS;COCINA MILENIUM NEGRA;1
EH08PCPF-9551B0;Electrohogar;COCINAS;COCINAS PATRICK ;COCINA PATRICK CPF-9551B01;1
EH08PCPS6056B;Electrohogar;COCINAS;;COCINA PATRICK CPS-6056B;1
EH08PCPS6656BVS;Electrohogar;COCINAS;;COCINA PATRICK CPS-6656BV 56CM;1
EH08PCP6855B;Electrohogar;COCINAS;;COCINA PATRICK CP-6855B;1
EH08PCPF-8151B01;Electrohogar;COCINAS;;COCINA PATRICK CPF-8151B01;1
EH08LL34065;Electrohogar;COCINAS;COCINAS INDUSTRIALES;COCINA LLANOS BARBECUE 60 C/V;1
EH08TAI16LXS6H;Electrohogar;COCINAS;;COCINA TECNOCALOR 6 H C/V;1
EH09BM1200;Electrohogar;EXHIBIDORES;EXHIBIDORES ;EXHIBIDOR BRIKET M1200;1
EH09BM5000;Electrohogar;EXHIBIDORES;;EXHIBIDOR BRIKET M5000;1
EH09BEVE4600;Electrohogar;EXHIBIDORES;;EXHIBIDOR BAMBI EVE 4600 455L;1
EH09BVM2100WINN;Electrohogar;EXHIBIDORES;;VITRINA MOSTRADOR BESTCOLD2100;1
EH09IMT470BLPL;Electrohogar;EXHIBIDORES;;EXHIBIDOR INELRO MT470 BL;1
EH10BFH3300BP;Electrohogar;FREEZERS 300LTS;FREEZERS DE 300LTS;FREEZER FH 3300BP BAMBI 330 LT;1
EH10BFR3300;Electrohogar;FREEZERS 300LTS;FREEZERS DE 300LTS;FREEZER BRIKET 330LTS FR 3300;1
EH10BFR3320SILV;Electrohogar;FREEZERS 300LTS;FREEZERS DE 300LTS;FREEZER BRIKET FR 3320 SILVER;1
EH10IFIH350B;Electrohogar;FREEZERS 300LTS;FREEZERS DE 300LTS;FREEZER INELRO FIH350 B;1
EH10PFHP300B;Electrohogar;FREEZERS 300LTS;FREEZERS DE 300LTS;FREEZER PATRICK 300L FHB300B;1
EH10BFH4100;Electrohogar;FREEZERS 400LTS;FREEZERS DE 400LTS;FREEZER FH 4100BP BAMBI 420 LT;1
EH10BFR4500;Electrohogar;FREEZERS 400LTS;FREEZERS DE 400LTS;FREEZER BRIKET FR 4500 (400L);1
EH10BFR5500BL;Electrohogar;FREEZERS 400LTS;FREEZERS DE 400LTS;FREEZER BRIKET FR 5500;1
EH10IFIH550B;Electrohogar;FREEZERS 400LTS;FREEZERS DE 400LTS;FREEZER INELRO FIH550 B;1
EH10NF420;Electrohogar;FREEZERS 400LTS;FREEZERS DE 400LTS;FREEZER NEBA F420;1
EH10PFHP420B;Electrohogar;FREEZERS 400LTS;FREEZERS DE 400LTS;FREEZER PATRICK 420L FHP420B;1
EH10BFV6200;Electrohogar;FREEZERS VERTICALES;FREEZERS VERTICALES;FREEZER BRIKET FV 6200;1
EH11B2F1200BL;Electrohogar;HELADERAS 12P;HELADERAS 12P;HELADERA BAMBI 2F1200 290LT BL;1
EH11B2F1200GR;Electrohogar;HELADERAS 12P;HELADERAS 12P;HELADERA BAMBI 2F1200 290LT GR;1
EH11BBK2F1310R3;Electrohogar;HELADERAS 12P;HELADERAS 12P;HELADERA BRIKET BK2F 1310;1
EH11BBK2FPL1320;Electrohogar;HELADERAS 12P;HELADERAS 12P;HELADERA BRIKET BK2FPL 1320;1
EH11PHPK135B01;Electrohogar;HELADERAS 12P;HELADERAS 12P;HELADERA CIC PATRICK 135 BLANCO;1
EH11PHPK35BL;Electrohogar;HELADERAS 12P;HELADERAS 12P;HELADERA PATRICK HPK35 265L BL;1
EH11PHPK135M01;Electrohogar;HELADERAS 12P;HELADERAS 12P;HELADERA CIC PATRICK SILVER 135M01;1
EH11PHPK136P01;Electrohogar;HELADERAS 12P;HELADERAS 12P;HELADERA CIC PATRICK 136 P01 SILVER;1
EH11B2F1600BDCD;Electrohogar;HELADERAS 16P;HELADERAS 16P;HELADERA BAMBI 2F1600 CON DISP;1
EH11B2F1600BL;Electrohogar;HELADERAS 16P;HELADERAS 16P;HELADERA BAMBI 2F1600 330LT BL;1
EH11B2F1600GR;Electrohogar;HELADERAS 16P;HELADERAS 16P;HELADERA BAMBI 2F1600 330LT GR;1
EH11BBK2F1610;Electrohogar;HELADERAS 16P;HELADERAS 16P;HELADERA BRIKET BK2F 1610;1
EH11BBK2FPL1620;Electrohogar;HELADERAS 16P;HELADERAS 16P;HELADERA BRIKET BK2FPL 1620;1
EH11PHMA295NFB0;Electrohogar;HELADERAS 16P;HELADERAS 16P;HELADERA MABE HMA 295 NFB01;1
EH11PHPK141M10S;Electrohogar;HELADERAS 16P;HELADERAS 16P;HELADERA CIC PATRICK SILVER 141M10S;1
EH11HB2F1800B;Electrohogar;HELADERAS 18P; HELADERAS 18P;HELADERA BAMBI 2F1800B;1
EH11HB2F1800S;Electrohogar;HELADERAS 18P; HELADERAS 18P;HELADERA BAMBI 2F1800S;1
EH11BBK2F1810R4;Electrohogar;HELADERAS 18P; HELADERAS 18P;HELADERA BRIKET BK2F 1811;1
EH11BBK2F1820R4;Electrohogar;HELADERAS 18P; HELADERAS 18P;HELADERA BRIKET BK2F 1821 GRIS;1
EH11PHPK151M00B;Electrohogar;HELADERAS 18P; HELADERAS 18P;HELADERA CIC PATRICK BLANCO 151MOOB;1
EH11PHPK151M11P;Electrohogar;HELADERAS 18P; HELADERAS 18P;HELADERA CIC PATRICK CST 151M11P;1
EH11BBK1F1010BL;Electrohogar;HELADERAS;MINI HELADERAS;HELADERA BRIKET 1010;1
EH11BBK2F2111;Electrohogar;HELADERAS 20P;HELADERAS 20P;HELADERA BRIKET BK2F 2111;1
EH11BBK2F2121;Electrohogar;HELADERAS 20P;HELADERAS 20P;HELADERA BRIKET BK2F 2121;1
EH11AHCC4220B;Electrohogar;HELADERAS 20P;HELADERAS 20P;HELADERA ATMA CICLICA CB4 4220B;1
EH12PACPH40;Electrohogar;CLIMATIZADORES;CLIMATIZADORES;CLIMATIZADOR PHILCO AC-PH40;1
EH12TTACA3200INVFC;Electrohogar;AIRES ACONDIONADOS;AIRES ACONDIONADOS;AIRE ACOND TCL 3200FC INVERTER;1
EH13CSF040;Electrohogar;"VENTILADORES 12""";"VENTILADORES DE 12""";"TURBO 12"" CEGESA SF040";1
EH13LLEL4502;Electrohogar;"VENTILADORES 18""";"VENTILADORES DE 18""";"VENT PIE LELUX 3 EN 1 18""";1
EH13YVT3818;Electrohogar;"VENTILADORES 18""";;"VENTILADOR PIE YELMO 18""";1
EH13AFAS20APIE;Electrohogar;"VENTILADORES 20""";"VENTILADORES DE 20""";"VENT PIE ALPACA 20"" MOD FAS-20";1
EH13AV2020;Electrohogar;"VENTILADORES 20""";"VENTILADORES DE 20""";"VENT PIE ALPACA 20"" MOD V20 PL";1
EH13C20PIE;Electrohogar;"VENTILADORES 20""";"VENTILADORES DE 20""";"VENT PIE CRIVEL 20""";1
EH13LLVPR20;Electrohogar;"VENTILADORES 20""";"VENTILADORES DE 20""";"VENTILADOR PIE LLANOS 20""";1
EH13YVT3820;Electrohogar;"VENTILADORES 20""";"VENTILADORES DE 20""";"VENTILADOR PIE YELMO 20""";1
"EH13YTORNADO20""";Electrohogar;"VENTILADORES 20""";"VENTILADORES DE 20""";"VENTILADOR PIE YELMO TORNADO 20""";1
EH13C26PIE;Electrohogar;VENTILADORES INDUSTRIALES;VENTILADORES INDUSTRIALES;"VENT PIE CRIVEL 26""";1
EH13A30INDUSTR;Electrohogar;VENTILADORES INDUSTRIALES;;"VENT PIE ALPACA 30"" INDUSTRIAL";1
EH13BCOMERCIAL;Electrohogar;VENTILADORES DE TECHO;VENTILADORES DE TECHO;VENT TECHO BARBERO COMERCIAL;1
EH13BLUJO;Electrohogar;VENTILADORES DE TECHO;;VENT TECHO BARBERO LUJO;1
EH14UMB-2603;Electrohogar;BATIDORA MANUAL;BATIDORA MANUAL;BATIDORA MANUAL ULTRACOMB 2603;1
EH14ABP8745N;Electrohogar;BATIDORA MANUAL;;BATIDORA ATMA CON BOWL B98745;1
EH14YBM1608;Electrohogar;BATIDORA MANUAL;;BATIDORA MANUAL YELMO 300W;1
EH14PHR7100/90;Electrohogar;BATIDORA CON BOWL;BATIDORA CON BOWL;BATIDORA CON BOWL PHILIPS;1
EH14YBB1103;Electrohogar;BATIDORA CON BOWL;;BATIDORA CON BOWL YELMO PLANETARIA;1
EH15CPAS2150;Electrohogar;PLANCHAS;PLANCHA SECA;PLANCHA CRIVEL SECA PAS2150;1
EH15KPLASEC;Electrohogar;PLANCHAS;;PLANCHA KEN BROWN SECA PLA SEC;1
EH15P135;Electrohogar;PLANCHAS;;PLANCHA PHILIPS SECA 135;1
EH15APAV1217E;Electrohogar;PLANCHAS;PLANCHAS A VAPOR;PLANCHA A VAPOR ATMA CERAMICA;1
EH15P2520;Electrohogar;PLANCHAS;;PLANCHA PHILIPS VAPOR 2520;1
EH15PGC1480;Electrohogar;PLANCHAS;;PLANCHA PHILIPS VAPOR GC1720;1
EH15PNIV100N;Electrohogar;PLANCHAS;;PLANCHA PANASONIC VAPOR NI-V10;1
EH15MBMPV;Electrohogar;PLANCHAS;;PLANCHA MAGICLICK VAPOR BMPV;1
EH16ACA8143N;Electrohogar;CAFETERAS;CAFETERAS;CAFETERA ELECTRICA ATMA 1.25L;1
EH37HHCM-200AR;Electrohogar;CAFETERAS;;CAFETERA HITACHI 200AR;1
EH16PHD4695/90;Electrohogar;PAVAS ELECTRICAS;PAVAS ELECTRICAS;PAVA ELECTRICA PHILIPS 1LTS;1
EH16RRWK200;Electrohogar;PAVAS ELECTRICAS;;PAVA ELECTRICA RCA RWK200;1
EH16RRWK200INOX;Electrohogar;PAVAS ELECTRICAS;;PAVA ELECTRICA RCA RWK200 INOX;1
EH16UPE4909;Electrohogar;PAVAS ELECTRICAS;;PAVA ELECTRICA ULTRACOMB 1.7LTS 2200W;1
EH16YPE3901;Electrohogar;PAVAS ELECTRICAS;;PAVA ELECTRICA YELMO 1850W;1
EH18B8L;Electrohogar;OLLAS;OLLAS;OLLA HORNO BARBERO GRANDE 8L;1
EH18PT701G1AR;Electrohogar;OLLAS;;SET DE 6 PIEZAS PRATIKA;1
EH18BMAS7PBLACK;Electrohogar;OLLAS;;JUEGO DE OLLAS BRINOX MASALA 7 PIEZAS BLACK;1
EH18BMAS5PBLACK;Electrohogar;OLLAS;;JUEGO DE OLLAS BRINOX MASALA 5 PIEZAS BLACK;1
EH18BMAS7PTERR;Electrohogar;OLLAS;;JUEGO DE OLLAS BRINOX MASALA 7 PIEZAS TERRACOTA;1
EH18BMAS5PTERR;Electrohogar;OLLAS;;JUEGO DE OLLAS BRINOX MASALA 5 PIEZAS TERRACOTA;1
EH20AEX8235N;Electrohogar;JUGUERAS;JUGUERAS;JUGUERA ATMA EX8235N;1
EH20KKBE203;Electrohogar;JUGUERAS;;JUGUERA KEN BROWN KBE 203;1
EH20YJG1707;Electrohogar;JUGUERAS;;JUGUERA YELMO 800W;1
EH20ULC2203;Electrohogar;LICUADORA;LICUADORA;LICUADORA PERSONAL ULTRACOMB MIXER;1
EH21ALI8415N;Electrohogar;LICUADORA;;LICUADORA DE VASO ATMA 1.25L;1
EH21LDRINKY;Electrohogar;LICUADORA;;LICUADORA LILIANA DRINKY;1
EH21PHR2000;Electrohogar;LICUADORA;;LICUADORA PHILIPS HR 2000;1
EH21SBARBLENDER;Electrohogar;LICUADORA;;LICUADORA SIAM BAR BLENDER PRO;1
EH21STOTBLEND;Electrohogar;LICUADORA;;LICUADORA SIAM TOTAL BLEND;1
EH21ULC2007;Electrohogar;LICUADORA;;LICUADORA ULTRACOMB 1.5LTS 650W VASO PLASTICO;1
EH21ULC1010;Electrohogar;LICUADORA;;LICUADORA ULTRACOMB 1.5LTS 700W VASO VIDRIO;1
EH21YLM1521;Electrohogar;LICUADORA;;LICUADORA DE MANO YELMO 900W 2VEL;1
EH21EX1303;Electrohogar;LICUADORA;;EXPRIMIDOR DE CITRICOS YELMO 25W;1
EH22C40LTS;Electrohogar;HORNOS ELECTRICOS 45L;HORNOS ELECTRICOS 45L;HORNO ELECTRICO CALIBER 40LTS;1
EH22EE612;Electrohogar;HORNOS ELECTRICOS 45L;;HORNO ELECTRICO EIFFEL 45LTS;1
EH22AMDDN45;Electrohogar;HORNOS ELECTRICOS 45L;;HORNO ELECTRICO ALPACA MD DN45RM 45LTS;1
EH22RHE-RA46;Electrohogar;HORNOS ELECTRICOS 45L;;HORNO ELECTRICO RANSER HE-RA46;1
EH22RR45COV;Electrohogar;HORNOS ELECTRICOS 45L;;HORNO ELECTRICO RCA 45LTS R45CONV;1
EH23NNH52SHP;Electrohogar;HORNOS ELECTRICOS 50L;HORNOS ELECTRICOS 50L;HORNO ELECTRICO NEBA 52 LTS;1
EH22HHTO52AR;Electrohogar;HORNOS ELECTRICOS 50L;;HORNO ELECTRICO HITACHI 52LTS;1
EH22UUC55AN;Electrohogar;HORNOS ELECTRICOS 50L;;HORNO ELECTRICO ULTRACOMB 55LITROS;1
EH22DDAE8368;Electrohogar;HORNOS ELECTRICOS 60L;HORNOS ELECTRICOS 60L;HORNO ELECTRICO DAEWOO 60LTS;1
EH22AHE-60;Electrohogar;HORNOS ELECTRICOS 60L;;HORNO ELECTRICO ALPACA 60LTS;1
EH22AHG7010E;Electrohogar;HORNOS ELECTRICOS 70L;HORNOS ELECTRICOS 70L;HORNO ELEC ATMA 70LTS GRILL;1
EH22NH70A;Electrohogar;HORNOS ELECTRICOS 70L;;HORNO ELECTRICO NEBA 70 LTS C/ANAFE;1
EH22ALP100LACER;Electrohogar;HORNOS ELECTRICOS 100L;HORNOS ELECTRICOS 100L;HORNO ELECTRICO ALPACA 100LTS;1
EH23HCM253DG;Electrohogar;MICROONDAS;MICROONDAS;MICROONDAS HITPLUS CM-253D 25LTS;1
EH23RR25DG-F;Electrohogar;MICROONDAS;;MICROONDAS RCA 25LTS CON GRILL;1
EH24GDINII;Electrohogar;MAUQINAS DE COSER;MAQUINAS DE COSER;MAQUINA DE COSER GODECO DINAMICA II;1
EH24GACTIVA;Electrohogar;MAUQINAS DE COSER;;MAQUINA DE COSER GODECO ACTIVA;1
EH24GVELVET;Electrohogar;MAUQINAS DE COSER;;MAQUINA DE COSER GODECO VELVET;1
EH24GVECTRA;Electrohogar;MAUQINAS DE COSER;;MAQUINA DE COSER GODECO VECTRA;1
EH24GTALENT;Electrohogar;MAUQINAS DE COSER;;MAQUINA COSER GODECO TALENT;1
EH24GFANTASTIQ;Electrohogar;MAUQINAS DE COSER;;MAQUINA COSER GODECO FANTASTIQUE;1
EH27PEXTRA;Electrohogar;PASTALINDAS;PASTALINDAS;PASTALINDA MODELO EXTRA;1
EH29UUS500;Electrohogar;HORNOS PIZZEROS;HORNOS PIZZEROS;HORNO USMAN 6 MOLDES 500;1
EH29UUS502;Electrohogar;HORNOS PIZZEROS;HORNOS PIZZEROS;HORNO USMAN 6 MOLDES C/VISOR US502;1
EH29UUS506;Electrohogar;HORNOS PIZZEROS;HORNOS PIZZEROS;HORNO USMAN 12 MOLDES C/VISOR US506;1
EH30EE-8040;Electrohogar;BALANZAS;BALANZAS;BALANZA EIFFEL CON BRAZO 40 KG;1
EH32AMUYU3160X;Electrohogar;CAMPANAS DE COCINA;CAMPANAS DE COCINA;CAMPANA SEMICIR AURORA MUYU;1
EH32ASENGE3160L;Electrohogar;CAMPANAS DE COCINA;;CAMPANA AURORA LCD TOUCH SENGE;1
EH32LLBLANC24870;Electrohogar;CAMPANAS DE COCINA;;CAMPANA LLANOS CIRCULAR BLANCA;1
EH32LLACERO24871;Electrohogar;CAMPANAS DE COCINA;;CAMPANA LLANOS CIRCULAR ACERO INOX;1
EH32AURQHUY3360SB;Electrohogar;PURIFICADOR;PURIFICADOR;PURIFICADOR AURORA URQHUY3360SB;1
EH32AURQHUY3360X;Electrohogar;PURIFICADOR;;PURIFICADOR AURORA URQHUY3360X;1
EH33OM06E;Electrohogar;CONTADORA DE BILLETES ;CONTADORA DE BILLETES ;CONTADORA DE BILLETES ORYX;1
EH34ATO8016E;Electrohogar;TOSTADORAS;TOSTADORAS;TOSTADORA ELEC ATMA 8016E;1
EH34HTO-P100AR;Electrohogar;TOSTADORAS;;TOSTADORA ELEC HITACHI P100AR;1
EH34UTO-4005;Electrohogar;TOSTADORAS;;TOSTADORA ELEC ULTRACOMB 750W;1
EH34SW2800;Electrohogar;TOSTADORAS;;SANDWICHERA ULTRACOMB 4 PORC;1
EH35MTRECENTO;Electrohogar;CORTADORA DE FIAMBRE;CORTADORA DE FIAMBRE;CORTADORA DE FIAMBRE MORETTI;1
EH36MMBD1.20;Electrohogar;MESADAS;MESADAS;MESADA MASECOR BACHA DOBLE 1.20m;1
EH36MMBS1.40;Electrohogar;MESADAS;;MESADA MASECOR BACHA SIMPLE 1.40m;1
EH36MMBD1.60;Electrohogar;MESADAS;;MESADA MASECOR BACHA DOBLE 1.60m;1
EH36MMBD1.80;Electrohogar;MESADAS;;MESADA MASECOR BACHA DOBLE 1.80m;1
HE01ETEAG125/1010;Herramientas;AMOLADORA;AMOLADORA;AMOLADORA EINHELL 125MM 1010W;1
HE01EPXC125/18;Herramientas;AMOLADORA;;AMOLADORA EINHELL A BATERIA 125MM 18V;1
HE01ETH-ID72;Herramientas;TALADRO;TALADRO;TALADRO EINHELL 13MM 720W;1
HE02EHS1100W;Herramientas;TALADRO;;TALADRO EINHELL 13MM 1100W;1
HE03THPL900;Herramientas;CEPILLADORA;CEPILLADORA;CEPILLO EINHELL 82X3MM 900W;1
HE04ETH-OS280E;Herramientas;LIJADORA;LIJADORA;LIJADORA ORBITAL EINHELL 280W;1
HE05EHORM130L;Herramientas;HORMIGONERAS;HORMIGONERAS;HORMIGONERA COMPAC 130L;1
HE06HHL5220;Herramientas;MOTOSIERRAS;MOTOSIERRAS;"MOTOSIERRA HALLEY 20"" HL52";1
HE06SMS170;Herramientas;MOTOSIERRAS;;MOTOSIERRA STHIL MS170;1
HE06SMS210;Herramientas;MOTOSIERRAS;;MOTOSIERRA STHIL MS210;1
HE07ECOMP100HAL;Herramientas;COMPRESOR;COMPRESOR;COMPRESOR HALLEY 2,5HP 100 LTS;1
HE07ECOMP50HALL;Herramientas;COMPRESOR;;COMPRESOR HALLEY 2.5HP 50LTS;1
HE07ECOMP25M;Herramientas;COMPRESOR;;COMPRESOR HALLEY 2HP 24LTS;1
HE08ETH-VC1820;Herramientas;ASPIRADORAS;ASPIRADORAS;ASPIRAD EINHELL 1250W TH-VC182;1
HE09HSIH160;Herramientas;SOLDADORAS;SOLDADORAS;SOLDADORA INVERTER HALLEY 160A;1
HE09HSIH200;Herramientas;SOLDADORAS;;SOLDADORA INVERTER HALLEY 200A;1
HE10HLG50F;Herramientas;MOTOGUADANA;MOTOGUADANA;MOTOGUADANA HALLEY LG50F;1
EH10PMP52;Herramientas;MOTOGUADANA;;MOTOGUADANA PLUMITA 52cc;1
HE11KK2BASIC100;Herramientas;HIDROLAVADORAS;HIDROLAVADORAS;HIDROLAVADORA KARCHER K2 BASIC;1
HE11KK3FULL120;Herramientas;HIDROLAVADORAS;;HIDROLAVADORA KARCHER K3 FULL;1
HE12HCB3012/24V;Herramientas;CARGADORES;CARGADORES;CARGADOR DE BATERIA HALLEY;1
HE13HMASC100;Herramientas;MASCARA DE SOLDAR;MASCARA DE SOLDAR;MASCARA P/ SOLDAR FOTOSENSIBLE;1
HE14TTECD18/2LI;Herramientas;ATORNILLADOR;ATORNILLADOR;ATORNILLADOR EINHELL TE-CD 18/2;1
HE15ERT-RH32;Herramientas;ROTOMARTILLO;ROTOMARTILLO;ROTOMARTILLO EINHELL 1250W;1
MU01P920;Muebles;CHIFONNIER;CHIFONNIER;CHIFONIER PLATINUM 920;1
MU01P921;Muebles;CHIFONNIER;;CHIFONIER PLATINUM 921;1
MU02P954;Muebles;CUCHETAS;CUCHETAS;CUCHETA PLATINUM TRIPLE 954;1
MU02T352;Muebles;CUCHETAS;;CUCHETA TAPICROM 352 CANO 3*;1
MU02PCESQTEEN;Muebles;CUCHETAS;;CUCHETA PERGAMINO ESQUINERA TEEN;1
MU03TMILENIO4;Muebles;JUEGO DE COMEDOR 4S;JUEGO DE COMEDOR  4S;COMBO MILENIO 4 TAPICROM;1
MU03TBARCELONA6;Muebles;JUEGO DE COMEDOR 6S;JUEGO DE COMEDOR  6S;COMBO BARCELONA 6 TAPICROM;1
MU03T2PULG;Muebles;JUEGO DE COMEDOR 6S;JUEGO DE COMEDOR  6S;"COMBO 2"" TAPICROM 6 SILLAS";1
MU03TCAIRO6S;Muebles;JUEGO DE COMEDOR 6S;JUEGO DE COMEDOR  6S;COMBO CAIRO TAPICROM 6 SILLAS;1
MU03TEUROPA6;Muebles;JUEGO DE COMEDOR 6S;JUEGO DE COMEDOR  6S;COMBO EUROPA TAPICROM RUSTIC 6;1
MU03TGENOVA;Muebles;JUEGO DE COMEDOR 6S;JUEGO DE COMEDOR  6S;COMBO GENOVA TAPICROM VINILICO;1
MU03TMILENIO6;Muebles;JUEGO DE COMEDOR 6S;JUEGO DE COMEDOR  6S;COMBO MILENIO 6 TAPICROM;1
MU03FA6AZTMESA1.60;Muebles;JUEGO DE COMEDOR 6S;JUEGO DE COMEDOR  6S;COMBO DE MADERA 6 SILLAS AZTECA + MESA 1.60;1
MU03TMALLORCA;Muebles;JUEGO DE COMEDOR 6S;JUEGO DE COMEDOR  6S;COMBO MALLORCA 6 TAPICROM 1.50;1
MU03TBARCELONA8;Muebles;JUEGO DE COMEDOR 8S;JUEGO DE COMEDOR 8S ;COMBO BARCELONA 8 TAPICROM;1
MU03TEUROPA;Muebles;JUEGO DE COMEDOR 8S;JUEGO DE COMEDOR 8S ;COMBO EUROPA TAPICROM RUSTIC 8;1
MU03TMALLORCA8;Muebles;JUEGO DE COMEDOR 8S;JUEGO DE COMEDOR 8S ;COMBO MALLORCA TAPICROM 8;1
MU03FA8REPMESA1.40;Muebles;JUEGO DE COMEDOR 8S;JUEGO DE COMEDOR 8S ;COMBO DE MADERA 8 SILLAS + MESA 1.40;1
MU04TJE2CPVERMO;Muebles;JUEGO DE LIVING;JUEGOS DE LIVING ;JUEGO DE LIV TAPICROM ELEG 2CP;1
MU04TJE3CPVERMO;Muebles;JUEGO DE LIVING;JUEGOS DE LIVING ;JUEGO DE LIV TAPICROM ELEG 3CP;1
MU04TJLCANORUS;Muebles;JUEGO DE LIVING;JUEGOS DE LIVING ;JUEGO DE LIV TAPICROM CANO + MESA DE VIDRIO;1
MU04TESQBERLIN;Muebles;JUEGO DE LIVING;JUEGOS DE LIVING ;JUEGO DE LIV TAPICROM ESQUINERO BERLIN;1
MU04TTREN3CPOS;Muebles;JUEGO DE LIVING;JUEGOS DE LIVING ;SILLON TRENTO 3 CUERPOS + 2 SILLAS MATERAS TUCSON;1
MU04TDENVER;Muebles;JUEGO DE LIVING;JUEGOS DE LIVING ;SOFA DENVER 2MTS;1
MU04TSTCUEROTEX;Muebles;JUEGO DE LIVING;JUEGOS DE LIVING ;SOFA TAPICROM TOKIO CUEROTEX;1
MU04TSTMON2CPOS;Muebles;JUEGO DE LIVING;JUEGOS DE LIVING ;SOFA TAPICROM MONACO 2 CP CUEROTEX;1
MU04TSLIVTUCSON;Muebles;JUEGO DE LIVING;JUEGOS DE LIVING ;SOFA TAPICROM LIVERPOOL TUCSON;1
MU05GMFC140/RCR;Muebles;MESAS;MESAS;MESA GENOUD CUADRADA 1.40mts;1
MU05GMFR145MC/R;Muebles;MESAS;;MESA GENOUD RECTANG 1.45MTS CR;1
MU05GMFR180/R;Muebles;MESAS;;MESA GENOUD RECTANG 1.80MTS CR;1
MU05GMEXT1.60C/R;Muebles;MESAS;;MESA GENOUD EXTENSIBLE 1.60MTS CONTEMPORANEA ROBLE;1
MU05PRUBI1.80;Muebles;MESAS;;MESA PERGAMINO RUBI 1,80mts ROBLE;1
MU05TREDONDA120;Muebles;MESAS;;MESA TAPI REDONDA 1,20 m;1
MU05TTUBU150;Muebles;MESAS;;MESA TAPI TUBULAR 1,50 m;1
MU05TTUBU180;Muebles;MESAS;;MESA TAPI TUBULAR 1,80 m;1
MU05TVIDRIO160;Muebles;MESAS;;VIDRIO 10MM DE 0,83x1,60m;1
MU06GANANOG;Muebles;SILLAS;SILLAS;SILLAS GENOUD ANA NOGAL CRUDO;1
MU06GANANOGX6;Muebles;SILLAS;SILLAS;SILLAS GENOUD ANA ROBLE (JUEGO DE 6 SILLAS);1
MU06GSFNLINOARE;Muebles;SILLAS;SILLAS;SILLAS GENOUD FRIDA NOGAL LINO;1
MU06GSFROBGR;Muebles;SILLAS;SILLAS;SILLAS GENOUD FRIDA ROBLE GRIS (JUEGO DE 6 SILLAS);1
MU06PSEYRA;Muebles;SILLAS;SILLAS;SILLA PERGAMINO EYRA ROBLE;1
MU06PSEYRAX6;Muebles;SILLAS;SILLAS;SILLA PERGAMINO EYRA ROBLE (JUEGO DE 6 SILLAS);1
MU06TALEJ;Muebles;SILLAS;SILLAS;SILLAS TAPICROM ALEJANDRO;1
MU06TALEJX6;Muebles;SILLAS;SILLAS;SILLAS TAPICROM ALEJANDRO (JUEGO DE 6 SILLAS);1
MU06TAMCA;Muebles;SILLAS;SILLAS;SILLAS TAPI AMERICANA RESP CAN;1
MU06TAMCAX6;Muebles;SILLAS;SILLAS;SILLAS TAPI AMERICANA RESP DE CAN (JUEGO DE 6 SILLAS);1
MU06TAMTA;Muebles;SILLAS;SILLAS;SILLAS TAPI AMERICANA RESP TAPIZADO;1
MU06TAMTAX6;Muebles;SILLAS;SILLAS;SILLAS TAPI AMERICANA TAPIZADO (JUEGO DE 6 SILLAS);1
MU06TMATVER600;Muebles;SILLAS;SILLAS;SILLAS TAPICROM MATERA VERMONT;1
MU06TMICA;Muebles;SILLAS;SILLAS;SILLAS TAPI MILENIO RESP CANO;1
MU06TMICAX6;Muebles;SILLAS;SILLAS;SILLAS TAPI MILENIO RESP CANO (JUEGO DE 6 SILLAS);1
MU06TROMI;Muebles;SILLAS;SILLAS;SILLAS TAPICROM ROMITA;1
MU06TROMIX6;Muebles;SILLAS;SILLAS;SILLAS TAPICROM ROMITAS (JUEGO DE 6 SILLAS);1
MU06TBANQUETAX1;Muebles;SILLAS;SILLAS;BANQUETA TAPICROM;1
MU06TBANQUETAX6;Muebles;SILLAS;SILLAS;BANQUETA TAPICROM (JUEGO DE SILLAS);1
MU06TBANQ;Muebles;SILLAS;SILLAS;BANQUETON TAPICROM MILENIO;1
MU08ACROMA6X6;Muebles;CAMAS;CAMAS;CAMA AVILA ROMA 6x6;1
MU09P960;Muebles;MESAS DE LUZ;MESAS DE LUZ;MESA DE LUZ PLATINUM 960;1
MU09P962;Muebles;MESAS DE LUZ;;MESA DE LUZ PLATINUM 962;1
MU09GMLU;Muebles;MESAS DE LUZ;;MESA DE LUZ GENOUD;1
MU10P2601;Muebles;RACK;RACK;MESA TV PLATI RACK KIARA 2601;1
MU10P2604;Muebles;RACK;;MESA TV PLATI RACK KIARA 2604;1
MU11AR215;Muebles;MODULARES;MODULARES;MODULAR RACK 2,15mts;1
MU11P2620;Muebles;MODULARES;MODULARES;MODULAR TORRE PLATINUM 2620;1
MU11EMODVI6;Muebles;MODULARES;MODULARES;MODULAR EMC MODVI 6;1
MU11P553;Muebles;MODULARES;MODULARES;MODULAR PLATINUM 553 1,51 MTS;1
MU11P557;Muebles;MODULARES;MODULARES;MODULAR PLATINUM LCD 557;1
MU11P558;Muebles;MODULARES;MODULARES;CENTRO TV 558;1
MU24CAP90;Muebles;APARADOR;APARADOR;APARADOR ORLANDI C I M 90;1
MU24CAP120;Muebles;APARADOR;;APARADOR ORLANDI C I M 120;1
MU24CAP150;Muebles;APARADOR;;APARADOR ORLANDI C I M 150;1
MU12P3080;Muebles;PLANCHADORES;PLANCHADORES;PLANCHADOR PLATINUM 3080;1
MU12CT15;Muebles;PLANCHADORES;;PLANCHADOR CRIVEL T15;1
MU12P3081;Muebles;GABINETES;GABINETES;GABINETE PLANCH PLATINUM 3081;1
MU12P3092;Muebles;GABINETES;;GABINETE MULTIUSO PLATI 3092;1
MU12P3093;Muebles;ESCOBERO;ESCOBERO;ESCOBERO PLATINUM 3093;1
MU13PLAC46;Muebles;PLACARD;PLACARD;PLACARD EMC 4 PUERTAS 2 CAJONES;1
MU13PLAC67;Muebles;PLACARD;PLACARD;PLACARD EMC 6 PUERTAS 4 CAJONES;1
MU13EGPC12H;Muebles;PLACARD;PLACARD;PLACARD EMC PTA CORR 218X120cm;1
MU13EGPC14T;Muebles;PLACARD;PLACARD;PLACARD EMC PTA CORR 218X140cm;1
MU13EGPC18NA;Muebles;PLACARD;PLACARD;PLACARD EMC PTA CORR 218X182cm;1
MU13P912;Muebles;PLACARD;PLACARD;PLACARD PTS ABRIR LS1 2 PTS;1
MU13P913;Muebles;PLACARD;PLACARD;PLACARD PTS ABRIR LS1 3 PTS;1
MU13P914;Muebles;PLACARD;PLACARD;PLACARD PTS ABRIR LS1 4 PTS;1
MU13P916;Muebles;PLACARD;PLACARD;PLACARD PTS ABRIR LS1 6 PTS;1
MU13P1004;Muebles;PLACARD;PLACARD;PLACARD PTS ABRIR PLUS 4 PTS;1
MU13P1006;Muebles;PLACARD;PLACARD;PLACARD PTS ABRIR PLUS 6 PTS;1
MU13P632MAX;Muebles;PLACARD;PLACARD;PLACARD PTS CORRED 2 PTS MAX;1
MU13P633MAX;Muebles;PLACARD;PLACARD;PLACARD PTS CORRED 3 PTS MAX;1
MU13RD1.80X200;Muebles;PLACARD;PLACARD;PLACARD DAKAR 1.80X2.00 P CORR;1
MU13RD1.20X200;Muebles;BAULERA;PLACARD;PLACARD DAKAR 1.20X2.00 P CORR;1
MU13RD1.50X200;Muebles;BAULERA;PLACARD;PLACARD DAKAR 1.50X2.00 P CORR;1
MU13P622;Muebles;BAULERA;BAULERA;BAULERA PTS CORRED 2 PTS;1
MU14P930;Muebles;ZAPATEROS;ZAPATEROS;ZAPATERO PLATINUM MOD 930;1
MU15P3046;Muebles;AMOBLAMIENTOS DE COCINA;AMOBLAMIENTOS DE COCINA;MUEBLE MICROONDAS PLATINUM;1
MU15AMCOC1.40;Muebles;AMOBLAMIENTOS DE COCINA;JUEGO DE COCINA;JUEGO DE COCINA AM 1.40mts;1
MU15TBM2P3CAJ;Muebles;AMOBLAMIENTOS DE COCINA;;BAJO MESADA TABLE`S 1.40MTS;1
MU15TAL3P;Muebles;AMOBLAMIENTOS DE COCINA;;ALACENA TABLE`S 1.40MTS;1
MU15TJGO1.40;Muebles;AMOBLAMIENTOS DE COCINA;;JUEGO DE COCINA TABLE`S 1.40MTS;1
MU15AJDC1,40;Muebles;AMOBLAMIENTOS DE COCINA;;JUEGO DE COCINA 1.40MTS;1
MU16P2606068;Chicos;ARCON;ARCON;ARCON MULTIFUNCION 2606;1
MU17MEL1723BL;Chicos;CUNA;CUNA;CUNA CORSA FUNCIONAL BLANCO;1
MU17PMCUNFUNC;Chicos;CUNA;;CUNA FUNCIONAL PERGAMINO;1
MU17PCFVUG;Chicos;CUNA;;CUNA FUNCIONAL PERGAMINO VUGGE;1
MU19EMURO-NA;Chicos;RACK;RACK;MUEBLE TV COLGANTE EMC 155x135x30cm;1
MU19GRK/RCR;Chicos;RACK;;RACK TV GENOUD CONT ROBLE;1
MU10P2604;Chicos;RACK;;RACK KIARA PLATINUM 2604;1
MU19T1041;Chicos;RACK;;"PANEL TV TABLE'S HASTA 52""";1
MU19T1042;Chicos;RACK;;"PANEL TV TABLE'S HASTA 60""";1
MU19T1043;Chicos;RACK;;"PANEL TV TABLE'S HASTA 52""";1
MU19T1044;Chicos;RACK;;"PANEL TV TABLE'S HASTA 65""";1
MU20PMFUTCONFOR;Chicos;FUTON;FUTON;FUTON PERGAMINO CONFORT;1
MU21PMARIZEDRA;Chicos;MARINERA;MARINERA;MARINERA ZEDRA ROBLE/CEDRO;1
MU22PMCARRICRC;Chicos;CARRICAMA;CARRICAMA;CARRICAMA PERGAMINO ROB/CED;1
MU22PCNTEEN;Chicos;CAMA NIDO;CAMA NIDO;CAMA NIDO PERGAMINO TEEN;1
MU23GTOT5/RCROB;Chicos;TORRE;TORRE;TORRE GENOUD T5 CONT ROBLE P/M;1
MU23GTOT4/RCROB;Chicos;TORRE;TORRE;TORRE GENOUD T4 CONT ROBLE P/M C/V;1
MU255600;Chicos;BAHIUT;BAHIUT;BAHIUT PLATINUM 1.60 M;1
MU25GBA1.55NOG;Chicos;;;BAHIUT GENOUD 1.55 M CONT ROB;1
MU26PRESP1.40;Chicos;RESPALDOS ;RESPALDOS ;RESP DE SOMMIER PERGAMINO IMPERIA;1
MU26TRESP6446;Chicos;RESPALDOS ;RESPALDOS ;RESP DE SOMMIER TABLES 6446;1
NI01F4002;Chicos;ANDADORES Y ANDARINES;ANDADORES Y ANDARINES;ANDADOR FELCRAFT 4002 PATO;1
NI01F4015;Chicos;ANDADORES Y ANDARINES;ANDADORES Y ANDARINES;ANDADOR FELCRAFT MESEDOR 4015;1
NI01F5602;Chicos;ANDADORES Y ANDARINES;ANDADORES Y ANDARINES;ANDARIN FELCRAFT FORMULA 1;1
NI01R3044;Chicos;ANDADORES Y ANDARINES;ANDADORES Y ANDARINES;ANDARIN RONDI ELEFANTE;1
NI02FBU934;Chicos;COCHE CUNA;COCHE CUNA;COCHE FELCRAFT PARAGUA ONA;1
NI02F5007;Chicos;COCHE CUNA;COCHE CUNA;COCHE FELCRAFT JOGGER 5007;1
NI02F923;Chicos;COCHE CUNA;COCHE CUNA;COCHE FELCRAFT 923 BUKA;1
NI02F924;Chicos;COCHE CUNA;COCHE CUNA;COCHE FELCRAFT RIDER SINI;1
NI02FTS924;Chicos;COCHE CUNA;COCHE CUNA;TRAVEL SISTEM FELCRAFT SINI;1
NI03F749;Chicos;COCHE CUNA;COCHE CUNA;CUNA FELCRAFT PLEGABLE CONFORT;1
NI04F3211F;Chicos;TRICICLO;TRICICLO;TRICICLO FELCRAFT TIGER FIT;1
NI04F3211D;Chicos;TRICICLO;TRICICLO;TRICICLO FELCRAFT TIGER SPIN;1
NI05F6644;Chicos;SILLAS DE COMER;SILLAS DE COMER;SILLLA COMER FELCRAFT FOLDING;1
NI05F6652;Chicos;SILLAS DE COMER;;SILLLA COMER FELCRAFT YUMMY;1
NI05F6655;Chicos;SILLAS DE COMER;;SILLLA COMER FELCRAFT MINT;1
NI06R3124;Chicos;METEGOL;METEGOL;METEGOL RONDI CLASSIC;1
NI07S222;Chicos;SKATES;SKATES;SKATE DOBLE COLA 222;1
NI07S222/1;Chicos;SKATES;;SKATE PROFESIONAL 222/1;1
NI07S222/2;Chicos;SKATES;;SKATE PROFESIONAL 222/2;1
NI08RTC2SC;Chicos;CUATRICICLOS;CUATRICICLOS;CUATRICICLO SUSP RUEDAS GOMA;1
NI08RTCACC;Chicos;CUATRICICLOS;;CUATRICICLO CADENA RUEDAS GOMA;1
NI09FAB5188;Chicos;AUTOS Y MOTOS A BATERIA;AUTOS Y MOTOS A BATERIA;AUTO A BATERIA FELCRAFT FURIOUS;1
NI09FAB5388N;Chicos;AUTOS Y MOTOS A BATERIA;;AUTO A BATERIA FELCRAFT JAGUAR F-TYPE;1
NI09FAB801;Chicos;AUTOS Y MOTOS A BATERIA;;MOTO A BATERIA FELCRAFT WASHI;1
NI10R3082;Chicos;JUGUETES;JUGUETES;COCINA RONDI 3082;1
NI11R7002;Chicos;JUGUETES;JUGUETES;PARKING RONDI 4 NIVELES;1
NI12R3115;Chicos;JUGUETES;JUGUETES;TRANSPORTER RONDI C/AUTOS;1
NI13R3101;Chicos;JUGUETES;JUGUETES;WORK CENTER RONDI;1
NI14R3600;Chicos;JUGUETES;JUGUETES;BASKETBALL RONDI;1
NI15R3053;Chicos;JUGUETES;JUGUETES;CAR WASH RONDI;1
OF01P401;Oficina;ESCRITORIO;ESCRITORIO;ESCRITORIO PLATINUM 501 1,00 M;1
OF01P402;Oficina;ESCRITORIO;;ESCRITORIO PLATINUM 502 1,20 M;1
OF01P403;Oficina;ESCRITORIO;;ESCRITORIO PLATINUM 503 1,50 M;1
OF03P405;Oficina;BIBLIOTECAS;BIBLIOTECAS;BIBLIOTECA INFERIOR PLATI 405;1
OF03P429;Oficina;BIBLIOTECAS;;BIBLIOTECA PTS ALTAS PLATI 429;1
OF03P430;Oficina;BIBLIOTECAS;;BIBLIOTECA PTS BAJAS PLATI 430;1
OF03P9013;Oficina;LIBREROS;LIBREROS;LIBRERO ECO PLATINUM 9013;1
OF04P2504;Oficina;MESA DE PC;MESA DE PC;MESA PC PLATINUM KIARA 2504;1
OF04P2505;Oficina;MESA DE PC;;MESA PC PLATINUM ESQUINA 2505;1
OF04P424;Oficina;MESA DE PC;;MESA PC PLATINUM 424 1,00 M;1
OF04P9012;Oficina;MESA DE PC;;MESA PC PLATINUM 9012;1
OF04P9017;Oficina;MESA DE PC;;MESA PC PLATINUM 9017;1
OF04P9037;Oficina;MESA DE PC;;MESA PC PLATINUM 9037;1
